Date,Actual_Price,Predicted_Price,Error,Absolute_Error_Pct
2021-11-23 00:00:00+00:00,654.06,640.4629,13.597107,2.0788777
2021-11-24 00:00:00+00:00,658.29,640.30383,17.986145,2.7322526
2021-11-26 00:00:00+00:00,665.64,639.9609,25.679138,3.8578115
2021-11-29 00:00:00+00:00,663.84,639.67365,24.166382,3.6403923
2021-11-30 00:00:00+00:00,641.9,639.34235,2.5576782,0.3984543
2021-12-01 00:00:00+00:00,617.77,638.3889,-20.618896,3.3376331
2021-12-02 00:00:00+00:00,616.47,636.5179,-20.047913,3.2520504
2021-12-03 00:00:00+00:00,602.13,634.195,-32.065002,5.325262
2021-12-06 00:00:00+00:00,612.69,631.185,-18.494995,3.0186546
2021-12-07 00:00:00+00:00,625.58,628.1965,-2.616455,0.41824466
2021-12-08 00:00:00+00:00,628.08,625.60266,2.477356,0.39443317
2021-12-09 00:00:00+00:00,611.0,623.36414,-12.364136,2.02359
2021-12-10 00:00:00+00:00,611.66,620.94666,-9.286682,1.5182753
2021-12-13 00:00:00+00:00,604.56,618.6055,-14.045532,2.323265
2021-12-14 00:00:00+00:00,597.99,616.1657,-18.17572,3.039469
2021-12-15 00:00:00+00:00,605.04,613.61096,-8.570984,1.416598
2021-12-16 00:00:00+00:00,591.06,611.29926,-20.239258,3.4242306
2021-12-17 00:00:00+00:00,586.73,608.7561,-22.026123,3.7540476
2021-12-20 00:00:00+00:00,593.74,606.125,-12.38501,2.0859315
2021-12-21 00:00:00+00:00,604.92,603.74615,1.1738281,0.19404684
2021-12-22 00:00:00+00:00,614.24,601.8813,12.358704,2.0120318
2021-12-23 00:00:00+00:00,614.09,600.64484,13.44519,2.1894493
2021-12-27 00:00:00+00:00,613.12,599.84076,13.279236,2.165846
2021-12-28 00:00:00+00:00,610.71,599.32635,11.383667,1.8640052
2021-12-29 00:00:00+00:00,610.54,598.95245,11.587524,1.8979142
2021-12-30 00:00:00+00:00,612.09,598.7221,13.36792,2.1839793
2021-12-31 00:00:00+00:00,602.44,598.63574,3.8042603,0.6314753
2022-01-03 00:00:00+00:00,597.37,598.3572,-0.9871826,0.1652548
2022-01-04 00:00:00+00:00,591.15,597.8773,-6.727295,1.1380013
2022-01-05 00:00:00+00:00,567.52,597.1077,-29.587708,5.213509
2022-01-06 00:00:00+00:00,553.29,595.501,-42.211,7.6290913
2022-01-07 00:00:00+00:00,541.06,593.0644,-52.004395,9.611576
2022-01-10 00:00:00+00:00,539.85,589.8136,-49.963623,9.255095
2022-01-11 00:00:00+00:00,540.84,586.1135,-45.2735,8.370959
2022-01-12 00:00:00+00:00,537.22,582.2414,-45.021423,8.3804455
2022-01-13 00:00:00+00:00,519.2,578.2592,-59.059204,11.375039
2022-01-14 00:00:00+00:00,525.69,573.78046,-48.090454,9.148064
2022-01-18 00:00:00+00:00,510.8,569.3815,-58.581482,11.4685755
2022-01-19 00:00:00+00:00,515.86,564.65796,-48.797974,9.459538
2022-01-20 00:00:00+00:00,508.25,560.083,-51.833008,10.198329
2022-01-21 00:00:00+00:00,397.5,555.4637,-157.96368,39.739292
2022-01-24 00:00:00+00:00,387.15,547.39716,-160.24716,41.39149
2022-01-25 00:00:00+00:00,366.42,537.39716,-170.97714,46.66152
2022-01-26 00:00:00+00:00,359.7,525.5157,-165.81567,46.09832
2022-01-27 00:00:00+00:00,386.7,512.43854,-125.738525,32.515778
2022-01-28 00:00:00+00:00,384.35995,499.77066,-115.410706,30.026726
2022-01-31 00:00:00+00:00,427.13998,487.4874,-60.347412,14.128251
2022-02-01 00:00:00+00:00,457.13,477.39444,-20.264435,4.43297
2022-02-02 00:00:00+00:00,429.47998,470.03973,-40.559753,9.443922
2022-02-03 00:00:00+00:00,405.6,463.79745,-58.19745,14.348483
2022-02-04 00:00:00+00:00,410.17,457.87326,-47.703247,11.6301155
2022-02-07 00:00:00+00:00,402.1,452.64667,-50.54666,12.570669
2022-02-08 00:00:00+00:00,403.53,447.77997,-44.24997,10.96572
2022-02-09 00:00:00+00:00,412.89005,443.41818,-30.528137,7.3937693
2022-02-10 00:00:00+00:00,406.27002,439.88382,-33.6138,8.273759
2022-02-11 00:00:00+00:00,391.31,436.76947,-45.459473,11.617253
2022-02-14 00:00:00+00:00,396.57004,433.54263,-36.972595,9.323093
2022-02-15 00:00:00+00:00,407.46,430.5982,-23.138214,5.678647
2022-02-16 00:00:00+00:00,398.08,428.3057,-30.225708,7.592873
2022-02-17 00:00:00+00:00,386.66998,426.1637,-39.493713,10.213803
2022-02-18 00:00:00+00:00,391.29,423.8403,-32.550293,8.318713
2022-02-22 00:00:00+00:00,377.38,421.662,-44.281982,11.734056
2022-02-23 00:00:00+00:00,367.46,419.11734,-51.65735,14.057952
2022-02-24 00:00:00+00:00,390.03,416.07327,-26.043274,6.677249
2022-02-25 00:00:00+00:00,390.8,413.6233,-22.823303,5.8401494
2022-02-28 00:00:00+00:00,394.52,411.60806,-17.088074,4.331358
2022-03-01 00:00:00+00:00,386.24,410.12366,-23.883667,6.183634
2022-03-02 00:00:00+00:00,380.03,408.73413,-28.704132,7.553123
2022-03-03 00:00:00+00:00,368.07,407.28247,-39.212463,10.653534
2022-03-04 00:00:00+00:00,361.73,405.40146,-43.671448,12.07294
2022-03-07 00:00:00+00:00,350.26,403.0908,-52.83078,15.083304
2022-03-08 00:00:00+00:00,341.76,400.2048,-58.444794,17.10112
2022-03-09 00:00:00+00:00,358.79,396.6564,-37.866394,10.553915
2022-03-10 00:00:00+00:00,356.77,393.40698,-36.636993,10.269079
2022-03-11 00:00:00+00:00,340.32,390.3205,-50.00049,14.692198
2022-03-14 00:00:00+00:00,331.01,386.83127,-55.82126,16.863918
2022-03-15 00:00:00+00:00,343.75,382.8997,-39.14969,11.389001
2022-03-16 00:00:00+00:00,357.53,379.24832,-21.718323,6.0745454
2022-03-17 00:00:00+00:00,371.4,376.38837,-4.988373,1.3431268
2022-03-18 00:00:00+00:00,380.6,374.70676,5.8932495,1.5484102
2022-03-21 00:00:00+00:00,374.59,374.23364,0.35635376,0.09513168
2022-03-22 00:00:00+00:00,382.92,374.38477,8.535248,2.2289898
2022-03-23 00:00:00+00:00,374.49,375.33145,-0.8414612,0.22469524
2022-03-24 00:00:00+00:00,375.71,376.46915,-0.7591553,0.20205884
2022-03-25 00:00:00+00:00,373.85,377.77972,-3.929718,1.0511483
2022-03-28 00:00:00+00:00,378.51,379.0998,-0.5897827,0.15581694
2022-03-29 00:00:00+00:00,391.81998,380.56244,11.257538,2.8731403
2022-03-30 00:00:00+00:00,381.47,382.53653,-1.0665283,0.2795838
2022-03-31 00:00:00+00:00,374.59,384.36972,-9.779724,2.610781
2022-04-01 00:00:00+00:00,373.47,385.83652,-12.366516,3.3112473
2022-04-04 00:00:00+00:00,391.5,386.9687,4.531311,1.157423
2022-04-05 00:00:00+00:00,380.15,388.4792,-8.329193,2.191028
2022-04-06 00:00:00+00:00,368.35,389.72687,-21.376862,5.80341
2022-04-07 00:00:00+00:00,362.15,390.3532,-28.203217,7.7877173
2022-04-08 00:00:00+00:00,355.88,390.30472,-34.424713,9.673123
2022-04-11 00:00:00+00:00,348.0,389.56744,-41.567444,11.944668
2022-04-12 00:00:00+00:00,344.1,388.0814,-43.981384,12.78157
2022-04-13 00:00:00+00:00,350.43,385.98898,-35.55899,10.147245
2022-04-14 00:00:00+00:00,341.13,383.77084,-42.64084,12.499879
2022-04-18 00:00:00+00:00,337.86,381.16418,-43.3042,12.817203
2022-04-19 00:00:00+00:00,348.61,378.27585,-29.665863,8.509757
2022-04-20 00:00:00+00:00,226.19002,375.69473,-149.50471,66.096954
2022-04-21 00:00:00+00:00,218.22,368.7853,-150.5653,68.997025
2022-04-22 00:00:00+00:00,215.52002,359.08057,-143.56055,66.61124
2022-04-25 00:00:00+00:00,209.91,347.50726,-137.59726,65.5506
2022-04-26 00:00:00+00:00,198.4,334.70544,-136.30545,68.70235
2022-04-27 00:00:00+00:00,188.54,320.97235,-132.43236,70.24099
2022-04-28 00:00:00+00:00,199.52002,306.64206,-107.12204,53.689873
2022-04-29 00:00:00+00:00,190.36,292.7881,-102.428085,53.807568
2022-05-02 00:00:00+00:00,199.46,279.37454,-79.914536,40.065445
2022-05-03 00:00:00+00:00,199.87,267.1282,-67.25821,33.650978
2022-05-04 00:00:00+00:00,204.01,256.17572,-52.165726,25.57018
2022-05-05 00:00:00+00:00,188.32,246.71695,-58.396942,31.00942
2022-05-06 00:00:00+00:00,180.97,238.10573,-57.135727,31.571934
2022-05-09 00:00:00+00:00,173.1,230.1751,-57.07509,32.97232
2022-05-10 00:00:00+00:00,177.66002,222.73787,-45.07785,25.373098
2022-05-11 00:00:00+00:00,166.37,216.09746,-49.727463,29.889683
2022-05-12 00:00:00+00:00,174.31,209.82683,-35.51683,20.375671
2022-05-13 00:00:00+00:00,187.64,204.36618,-16.726181,8.913975
2022-05-16 00:00:00+00:00,186.51,200.16048,-13.650482,7.318901
2022-05-17 00:00:00+00:00,190.56001,196.94614,-6.3861237,3.3512402
2022-05-18 00:00:00+00:00,177.19,194.70819,-17.518188,9.886668
2022-05-19 00:00:00+00:00,183.48,192.75836,-9.278366,5.0568814
2022-05-20 00:00:00+00:00,186.35,191.32866,-4.978653,2.6716678
2022-05-23 00:00:00+00:00,187.44,190.40787,-2.967865,1.583368
2022-05-24 00:00:00+00:00,180.34,189.91318,-9.573181,5.3084073
2022-05-25 00:00:00+00:00,187.83,189.46674,-1.636734,0.8713911
2022-05-26 00:00:00+00:00,191.39998,189.34659,2.0533905,1.0728269
2022-05-27 00:00:00+00:00,195.19,189.57616,5.613846,2.876093
2022-05-31 00:00:00+00:00,197.44002,190.18303,7.2569885,3.675541
2022-06-01 00:00:00+00:00,192.91,191.11383,1.7961731,0.9310938
2022-06-02 00:00:00+00:00,205.09,192.06703,13.0229645,6.349878
2022-06-03 00:00:00+00:00,198.98,193.47334,5.506653,2.7674406
2022-06-06 00:00:00+00:00,197.14,194.8966,2.243393,1.1379695
2022-06-07 00:00:00+00:00,198.61,196.21875,2.3912506,1.2039931
2022-06-08 00:00:00+00:00,202.83,197.47287,5.357132,2.641193
2022-06-09 00:00:00+00:00,192.77,198.78442,-6.0144196,3.1199977
2022-06-10 00:00:00+00:00,182.94,199.70349,-16.763489,9.163381
2022-06-13 00:00:00+00:00,169.69,199.94554,-30.255539,17.82989
2022-06-14 00:00:00+00:00,167.54,199.19887,-31.658875,18.896309
2022-06-15 00:00:00+00:00,180.11,197.6898,-17.579803,9.760592
2022-06-16 00:00:00+00:00,173.35,196.14685,-22.796844,13.150761
2022-06-17 00:00:00+00:00,175.51,194.3621,-18.852112,10.741332
2022-06-21 00:00:00+00:00,170.91,192.56369,-21.653687,12.669642
2022-06-22 00:00:00+00:00,178.89,190.65031,-11.760315,6.574048
2022-06-23 00:00:00+00:00,181.71,189.03381,-7.323807,4.030492
2022-06-24 00:00:00+00:00,190.85002,187.79207,3.057953,1.6022807
2022-06-27 00:00:00+00:00,189.14,187.21591,1.9240875,1.0172821
2022-06-28 00:00:00+00:00,179.6,187.07672,-7.476715,4.1629815
2022-06-29 00:00:00+00:00,178.36,186.91394,-8.55394,4.7958846
2022-06-30 00:00:00+00:00,174.87,186.70915,-11.839157,6.7702622
2022-07-01 00:00:00+00:00,179.95,186.3485,-6.3984985,3.5557091
2022-07-05 00:00:00+00:00,185.88,186.07881,-0.19880676,0.10695435
2022-07-06 00:00:00+00:00,184.06,186.09372,-2.033722,1.1049234
2022-07-07 00:00:00+00:00,189.27,186.23828,3.031723,1.6017979
2022-07-08 00:00:00+00:00,186.98,186.6688,0.311203,0.16643652
2022-07-11 00:00:00+00:00,177.34,187.19904,-9.859039,5.5593996
2022-07-12 00:00:00+00:00,174.45,187.42366,-12.973663,7.4368954
2022-07-13 00:00:00+00:00,176.56,187.31918,-10.759186,6.0937843
2022-07-14 00:00:00+00:00,174.78,187.05504,-12.27504,7.023138
2022-07-15 00:00:00+00:00,189.11002,186.60995,2.500061,1.3220141
2022-07-18 00:00:00+00:00,190.92,186.58472,4.3352814,2.270732
2022-07-19 00:00:00+00:00,201.63,186.91373,14.716278,7.298655
2022-07-20 00:00:00+00:00,216.44,187.8935,28.546509,13.18911
2022-07-21 00:00:00+00:00,223.88,189.85683,34.02318,15.19706
2022-07-22 00:00:00+00:00,220.44,192.73222,27.707779,12.569306
2022-07-25 00:00:00+00:00,218.51001,196.03645,22.473557,10.284909
2022-07-26 00:00:00+00:00,213.91,199.47012,14.43988,6.7504463
2022-07-27 00:00:00+00:00,226.75002,202.70088,24.049133,10.606011
2022-07-28 00:00:00+00:00,226.02002,206.15204,19.867981,8.790363
2022-07-29 00:00:00+00:00,224.9,209.58405,15.3159485,6.8101153
2022-08-01 00:00:00+00:00,226.21,212.8331,13.376907,5.9134903
2022-08-02 00:00:00+00:00,221.42001,215.87967,5.540344,2.5021877
2022-08-03 00:00:00+00:00,226.73,218.48114,8.248856,3.6381845
2022-08-04 00:00:00+00:00,229.91,220.8711,9.03891,3.9314992
2022-08-05 00:00:00+00:00,226.78,223.12843,3.6515656,1.6101798
2022-08-08 00:00:00+00:00,233.49,225.08513,8.404877,3.599673
2022-08-09 00:00:00+00:00,229.94,227.01411,2.925888,1.2724572
2022-08-10 00:00:00+00:00,244.11002,228.71002,15.399994,6.3086286
2022-08-11 00:00:00+00:00,242.7,230.72441,11.975586,4.9343166
2022-08-12 00:00:00+00:00,249.3,232.82307,16.476929,6.6092772
2022-08-15 00:00:00+00:00,249.11,235.17015,13.93985,5.5958614
2022-08-16 00:00:00+00:00,245.69,237.60004,8.089966,3.2927535
2022-08-17 00:00:00+00:00,241.15001,239.88034,1.2696686,0.5265057
2022-08-18 00:00:00+00:00,245.17,241.80919,3.3608093,1.3708078
2022-08-19 00:00:00+00:00,241.16002,243.57541,-2.41539,1.0015715
2022-08-22 00:00:00+00:00,226.54,245.00015,-18.46016,8.148742
2022-08-23 00:00:00+00:00,224.55002,245.5807,-21.030685,9.365702
2022-08-24 00:00:00+00:00,229.60999,245.47899,-15.869003,6.911286
2022-08-25 00:00:00+00:00,233.98,245.07492,-11.094925,4.741826
2022-08-26 00:00:00+00:00,223.28001,244.6198,-21.339783,9.557408
2022-08-29 00:00:00+00:00,224.57,243.73003,-19.160019,8.531869
2022-08-30 00:00:00+00:00,220.65,242.63269,-21.982697,9.9627
2022-08-31 00:00:00+00:00,223.56,241.27196,-17.71196,7.9226875
2022-09-01 00:00:00+00:00,230.04001,239.88846,-9.84845,4.28119
2022-09-02 00:00:00+00:00,226.11002,238.78122,-12.671204,5.603999
2022-09-06 00:00:00+00:00,218.39,237.76015,-19.370148,8.869521
2022-09-07 00:00:00+00:00,228.96,236.56012,-7.600113,3.319406
2022-09-08 00:00:00+00:00,227.44,235.69127,-8.2512665,3.627887
2022-09-09 00:00:00+00:00,233.57002,235.01433,-1.4443054,0.6183608
2022-09-12 00:00:00+00:00,236.53,234.74326,1.7867432,0.7553981
2022-09-13 00:00:00+00:00,218.13002,234.8804,-16.750381,7.679081
2022-09-14 00:00:00+00:00,224.12,234.60999,-10.48999,4.680524
2022-09-15 00:00:00+00:00,235.38,234.31595,1.0640564,0.45205894
2022-09-16 00:00:00+00:00,240.13,234.42139,5.708618,2.3773031
2022-09-19 00:00:00+00:00,243.63002,234.9711,8.65892,3.554127
2022-09-20 00:00:00+00:00,242.85002,235.95187,6.8981476,2.840497
2022-09-21 00:00:00+00:00,236.87,237.1753,-0.30529785,0.12888837
2022-09-22 00:00:00+00:00,237.05,238.3092,-1.259201,0.5311964
2022-09-23 00:00:00+00:00,226.41002,239.35068,-12.940659,5.7155857
2022-09-26 00:00:00+00:00,224.07002,239.88153,-15.811508,7.056503
2022-09-27 00:00:00+00:00,224.36,239.94736,-15.587357,6.9474754
2022-09-28 00:00:00+00:00,245.2,239.681,5.518997,2.2508147
2022-09-29 00:00:00+00:00,239.71,239.96686,-0.2568512,0.10715081
2022-09-30 00:00:00+00:00,235.44,240.39479,-4.954788,2.1044803
2022-10-03 00:00:00+00:00,239.04,240.76575,-1.7257538,0.7219519
2022-10-04 00:00:00+00:00,240.74,241.23079,-0.4907837,0.20386462
2022-10-05 00:00:00+00:00,236.73001,241.80798,-5.0779724,2.1450481
2022-10-06 00:00:00+00:00,240.02,242.29137,-2.2713623,0.9463221
2022-10-07 00:00:00+00:00,224.75,242.82281,-18.072815,8.041297
2022-10-10 00:00:00+00:00,229.98,242.78386,-12.803864,5.5673814
2022-10-11 00:00:00+00:00,214.29,242.56255,-28.272552,13.193594
2022-10-12 00:00:00+00:00,220.87,241.60341,-20.733414,9.387157
2022-10-13 00:00:00+00:00,232.51,240.42113,-7.911133,3.4024916
2022-10-14 00:00:00+00:00,229.99998,239.53964,-9.539658,4.1476774
2022-10-17 00:00:00+00:00,245.1,238.79161,6.3083954,2.5738049
2022-10-18 00:00:00+00:00,240.86,238.753,2.1069946,0.8747798
2022-10-19 00:00:00+00:00,272.38,239.04842,33.33159,12.2371645
2022-10-20 00:00:00+00:00,268.16,240.78659,27.373413,10.207866
2022-10-21 00:00:00+00:00,289.57,243.29953,46.270477,15.97903
2022-10-24 00:00:00+00:00,282.45,247.12013,35.32988,12.508366
2022-10-25 00:00:00+00:00,291.02,251.44635,39.57364,13.598254
2022-10-26 00:00:00+00:00,298.62,256.3364,42.2836,14.159668
2022-10-27 00:00:00+00:00,296.94,261.72507,35.214935,11.859276
2022-10-28 00:00:00+00:00,295.72,267.19882,28.52118,9.644656
2022-10-31 00:00:00+00:00,291.88,272.4937,19.386292,6.64187
2022-11-01 00:00:00+00:00,286.75,277.32053,9.429474,3.2883954
2022-11-02 00:00:00+00:00,273.0,281.44382,-8.443817,3.0929732
2022-11-03 00:00:00+00:00,269.06,284.3933,-15.333313,5.6988454
2022-11-04 00:00:00+00:00,260.79,286.26297,-25.472961,9.767614
2022-11-07 00:00:00+00:00,258.6,286.97067,-28.370667,10.970868
2022-11-08 00:00:00+00:00,263.46,286.74045,-23.280457,8.83643
2022-11-09 00:00:00+00:00,254.66,286.02267,-31.36267,12.315507
2022-11-10 00:00:00+00:00,274.97,284.62503,-9.655029,3.511303
2022-11-11 00:00:00+00:00,290.13,283.58838,6.541626,2.2547224
2022-11-14 00:00:00+00:00,299.27,283.38242,15.887573,5.308776
2022-11-15 00:00:00+00:00,310.2,284.11505,26.08496,8.409078
2022-11-16 00:00:00+00:00,306.02,285.9183,20.101685,6.5687485
2022-11-17 00:00:00+00:00,295.28,288.26895,7.0110474,2.3743727
2022-11-18 00:00:00+00:00,287.98,290.55026,-2.5702515,0.89251035
2022-11-21 00:00:00+00:00,285.05,292.46152,-7.4115295,2.6000807
2022-11-22 00:00:00+00:00,286.69,293.93808,-7.2480774,2.5281932
2022-11-23 00:00:00+00:00,291.5,295.1171,-3.617096,1.2408562
2022-11-25 00:00:00+00:00,285.54,296.20612,-10.666107,3.735416
2022-11-28 00:00:00+00:00,281.17,296.94672,-15.776703,5.61109
2022-11-29 00:00:00+00:00,280.96,297.26083,-16.300842,5.8018374
2022-11-30 00:00:00+00:00,305.53,297.24908,8.280914,2.710344
2022-12-01 00:00:00+00:00,316.95,297.93875,19.011261,5.998189
2022-12-02 00:00:00+00:00,320.41,299.47137,20.93863,6.534949
2022-12-05 00:00:00+00:00,312.59,301.6854,10.904602,3.488468
2022-12-06 00:00:00+00:00,305.56,304.01263,1.5473633,0.50640243
2022-12-07 00:00:00+00:00,308.42,306.11075,2.3092651,0.7487404
2022-12-08 00:00:00+00:00,310.26,308.09332,2.166687,0.6983456
2022-12-09 00:00:00+00:00,320.01,309.98178,10.028229,3.1337235
2022-12-12 00:00:00+00:00,315.18,312.10266,3.0773315,0.9763728
2022-12-13 00:00:00+00:00,320.34,314.10608,6.233917,1.9460315
2022-12-14 00:00:00+00:00,317.83,316.16852,1.6614685,0.5227539
2022-12-15 00:00:00+00:00,290.41,318.09146,-27.681458,9.531854
2022-12-16 00:00:00+00:00,290.71,318.8186,-28.108612,9.668953
2022-12-19 00:00:00+00:00,288.3,318.74252,-30.442535,10.559325
2022-12-20 00:00:00+00:00,288.19,317.9836,-29.79361,10.338182
2022-12-21 00:00:00+00:00,297.96,316.7516,-18.791595,6.3067513
2022-12-22 00:00:00+00:00,297.75,315.58444,-17.834442,5.989737
2022-12-23 00:00:00+00:00,294.96,314.4736,-19.51361,6.6156807
2022-12-27 00:00:00+00:00,284.17,313.3341,-29.164093,10.262903
2022-12-28 00:00:00+00:00,276.88,311.81833,-34.938324,12.618579
2022-12-29 00:00:00+00:00,291.12,309.84048,-18.72049,6.4305058
2022-12-30 00:00:00+00:00,294.88,308.15463,-13.274628,4.5017047
2023-01-03 00:00:00+00:00,294.95,306.8454,-11.895386,4.0330176
2023-01-04 00:00:00+00:00,309.41,305.85684,3.5531616,1.1483667
2023-01-05 00:00:00+00:00,309.7,305.69003,4.0099792,1.2947947
2023-01-06 00:00:00+00:00,315.55,306.10022,9.449768,2.9946978
2023-01-09 00:00:00+00:00,315.17,307.14392,8.026093,2.5465915
2023-01-10 00:00:00+00:00,327.54,308.58307,18.95694,5.7876716
2023-01-11 00:00:00+00:00,327.26,310.73706,16.52295,5.0488753
2023-01-12 00:00:00+00:00,330.13,313.2878,16.842194,5.101685
2023-01-13 00:00:00+00:00,332.82,316.14767,16.672333,5.009414
2023-01-17 00:00:00+00:00,326.22,319.21353,7.0064697,2.1477745
2023-01-18 00:00:00+00:00,326.33,322.06564,4.2643433,1.3067579
2023-01-19 00:00:00+00:00,315.78,324.68732,-8.907318,2.8207355
2023-01-20 00:00:00+00:00,342.5,326.6486,15.85141,4.628149
2023-01-23 00:00:00+00:00,357.42,329.10202,28.317993,7.922889
2023-01-24 00:00:00+00:00,363.83,332.29727,31.532715,8.666882
2023-01-25 00:00:00+00:00,367.96,336.12094,31.83905,8.652856
2023-01-26 00:00:00+00:00,364.87,340.4064,24.463593,6.7047424
2023-01-27 00:00:00+00:00,360.77,344.75784,16.012146,4.4383254
2023-01-30 00:00:00+00:00,353.11,348.86295,4.24704,1.2027527
2023-01-31 00:00:00+00:00,353.86,352.37738,1.482605,0.4189807
2023-02-01 00:00:00+00:00,361.99,355.40607,6.5839233,1.8188136
2023-02-02 00:00:00+00:00,366.89,358.26996,8.620056,2.3494933
2023-02-03 00:00:00+00:00,365.9,361.07224,4.827759,1.3194203
2023-02-06 00:00:00+00:00,361.48,363.68234,-2.2023315,0.60925406
2023-02-07 00:00:00+00:00,362.95,365.90363,-2.9536133,0.8137796
2023-02-08 00:00:00+00:00,366.83,367.8461,-1.0161133,0.27699843
2023-02-09 00:00:00+00:00,362.5,369.66385,-7.163849,1.9762341
2023-02-10 00:00:00+00:00,347.36,371.16083,-23.800842,6.8519244
2023-02-13 00:00:00+00:00,358.57,371.82986,-13.259857,3.6979828
2023-02-14 00:00:00+00:00,359.96,372.3463,-12.386322,3.4410276
2023-02-15 00:00:00+00:00,361.42,372.7463,-11.326294,3.1338315
2023-02-16 00:00:00+00:00,350.71,373.10577,-22.395782,6.3858414
2023-02-17 00:00:00+00:00,347.96,373.01605,-25.05606,7.2008452
2023-02-21 00:00:00+00:00,337.5,372.55173,-35.051727,10.385697
2023-02-22 00:00:00+00:00,334.88,371.44684,-36.566833,10.919384
2023-02-23 00:00:00+00:00,323.65,369.85815,-46.20816,14.277201
2023-02-24 00:00:00+00:00,317.15,367.54965,-50.39966,15.891427
2023-02-27 00:00:00+00:00,323.03,364.5961,-41.5661,12.867567
2023-02-28 00:00:00+00:00,322.13,361.50916,-39.37915,12.224614
2023-03-01 00:00:00+00:00,313.48,358.36896,-44.888947,14.319557
2023-03-02 00:00:00+00:00,311.88,354.97952,-43.099518,13.8192625
2023-03-03 00:00:00+00:00,315.18,351.49002,-36.310028,11.520411
2023-03-06 00:00:00+00:00,312.03,348.17886,-36.148865,11.58506
2023-03-07 00:00:00+00:00,308.47,344.95853,-36.488525,11.828874
2023-03-08 00:00:00+00:00,311.79,341.79663,-30.006622,9.623984
2023-03-09 00:00:00+00:00,297.78,338.92538,-41.145386,13.817377
2023-03-10 00:00:00+00:00,292.76,335.82135,-43.06134,14.708752
2023-03-13 00:00:00+00:00,293.51,332.51163,-39.001617,13.288003
2023-03-14 00:00:00+00:00,294.94,329.2015,-34.261505,11.616432
2023-03-15 00:00:00+00:00,303.79,326.05063,-22.26062,7.327634
2023-03-16 00:00:00+00:00,310.06,323.44562,-13.38562,4.3171062
2023-03-17 00:00:00+00:00,303.5,321.5318,-18.0318,5.9412847
2023-03-20 00:00:00+00:00,305.13,319.92258,-14.792572,4.847957
2023-03-21 00:00:00+00:00,305.79,318.6772,-12.8871765,4.214388
2023-03-22 00:00:00+00:00,293.9,317.75812,-23.858124,8.117769
2023-03-23 00:00:00+00:00,320.37,316.64935,3.720642,1.1613579
2023-03-24 00:00:00+00:00,328.39,316.47592,11.914093,3.6280315
2023-03-27 00:00:00+00:00,327.66,317.2103,10.449707,3.189192
2023-03-28 00:00:00+00:00,323.52,318.53745,4.982544,1.5401039
2023-03-29 00:00:00+00:00,332.03,320.0842,11.945801,3.5978074
2023-03-30 00:00:00+00:00,338.43,322.0746,16.355408,4.8327303
2023-03-31 00:00:00+00:00,345.48,324.52972,20.950287,6.06411
2023-04-03 00:00:00+00:00,348.28,327.48734,20.792664,5.9701
2023-04-04 00:00:00+00:00,346.75,330.78555,15.964447,4.604022
2023-04-05 00:00:00+00:00,342.35,334.15167,8.198334,2.3947227
2023-04-06 00:00:00+00:00,339.33,337.28403,2.0459595,0.6029409
2023-04-10 00:00:00+00:00,338.99,340.0388,-1.0487976,0.30938897
2023-04-11 00:00:00+00:00,338.21,342.41586,-4.2058716,1.2435681
2023-04-12 00:00:00+00:00,331.03,344.40018,-13.370178,4.038963
2023-04-13 00:00:00+00:00,346.19,345.76352,0.42648315,0.12319337
2023-04-14 00:00:00+00:00,338.63,347.2271,-8.597107,2.5387907
2023-04-17 00:00:00+00:00,332.72,348.37216,-15.652161,4.704304
2023-04-18 00:00:00+00:00,333.7,349.0551,-15.355103,4.601469
2023-04-19 00:00:00+00:00,323.12,349.44012,-26.32013,8.14562
2023-04-20 00:00:00+00:00,325.35,349.19473,-23.844727,7.328946
2023-04-21 00:00:00+00:00,327.98,348.6206,-20.640594,6.2932477
2023-04-24 00:00:00+00:00,329.02,347.92416,-18.904175,5.7456007
2023-04-25 00:00:00+00:00,322.55,347.19284,-24.642853,7.64001
2023-04-26 00:00:00+00:00,321.15,346.21573,-25.065735,7.8049927
2023-04-27 00:00:00+00:00,325.85,345.06653,-19.216522,5.897352
2023-04-28 00:00:00+00:00,329.93,344.01132,-14.081329,4.267975
2023-05-01 00:00:00+00:00,324.12,343.20157,-19.081573,5.887194
2023-05-02 00:00:00+00:00,317.55,342.37473,-24.824738,7.817584
2023-05-03 00:00:00+00:00,319.3,341.33563,-22.035645,6.901236
2023-05-04 00:00:00+00:00,320.78,340.26614,-19.486145,6.0746136
2023-05-05 00:00:00+00:00,322.76,339.26498,-16.504974,5.1136985
2023-05-08 00:00:00+00:00,331.21,338.3995,-7.189514,2.1706815
2023-05-09 00:00:00+00:00,332.14,337.98352,-5.843506,1.7593501
2023-05-10 00:00:00+00:00,335.42,337.92075,-2.5007324,0.74555254
2023-05-11 00:00:00+00:00,344.76,338.2431,6.5169067,1.8902733
2023-05-12 00:00:00+00:00,339.89,339.17148,0.7185364,0.21140261
2023-05-15 00:00:00+00:00,335.89,340.29584,-4.4058228,1.3116862
2023-05-16 00:00:00+00:00,333.75,341.39148,-7.6414795,2.2895818
2023-05-17 00:00:00+00:00,339.96,342.3608,-2.4008179,0.70620596
2023-05-18 00:00:00+00:00,371.29,343.4447,27.845306,7.4996114
2023-05-19 00:00:00+00:00,365.36,345.73178,19.628204,5.3722916
2023-05-22 00:00:00+00:00,363.01,348.48245,14.527557,4.0019717
2023-05-23 00:00:00+00:00,355.99,351.41458,4.575409,1.2852633
2023-05-24 00:00:00+00:00,364.85,354.12143,10.728577,2.9405446
2023-05-25 00:00:00+00:00,359.0,356.93127,2.0687256,0.5762467
2023-05-26 00:00:00+00:00,378.88,359.45453,19.425476,5.1270785
2023-05-30 00:00:00+00:00,392.98,362.46014,30.519867,7.766265
2023-05-31 00:00:00+00:00,395.23,366.1629,29.067108,7.3544793
2023-06-01 00:00:00+00:00,403.13,370.27713,32.852875,8.149448
2023-06-02 00:00:00+00:00,400.47003,374.84335,25.626678,6.3991504
2023-06-05 00:00:00+00:00,403.54004,379.4466,24.093445,5.9705215
2023-06-06 00:00:00+00:00,399.29,384.0458,15.244202,3.817827
2023-06-07 00:00:00+00:00,399.77,388.3155,11.454498,2.8652723
2023-06-08 00:00:00+00:00,409.37,392.2407,17.129303,4.184308
2023-06-09 00:00:00+00:00,420.02002,396.13275,23.887268,5.687174
2023-06-12 00:00:00+00:00,423.97003,400.21844,23.751587,5.6021852
2023-06-13 00:00:00+00:00,435.73,404.409,31.321014,7.1881704
2023-06-14 00:00:00+00:00,440.86,408.95538,31.904602,7.2369018
2023-06-15 00:00:00+00:00,445.27,413.7436,31.526398,7.0802884
2023-06-16 00:00:00+00:00,431.96,418.6825,13.277496,3.073779
2023-06-20 00:00:00+00:00,434.70004,423.0638,11.63623,2.6768415
2023-06-21 00:00:00+00:00,424.45,427.05884,-2.6088257,0.6146367
2023-06-22 00:00:00+00:00,422.48,430.25403,-7.7740173,1.8400911
2023-06-23 00:00:00+00:00,424.02,432.7497,-8.729706,2.058796
2023-06-26 00:00:00+00:00,415.94003,434.72095,-18.780914,4.5152936
2023-06-27 00:00:00+00:00,417.08,435.94916,-18.869171,4.524113
2023-06-28 00:00:00+00:00,429.84,436.69067,-6.8506775,1.5937738
2023-06-29 00:00:00+00:00,428.23996,437.5117,-9.2717285,2.165078
2023-06-30 00:00:00+00:00,440.49,438.24927,2.2407227,0.5086887
2023-07-03 00:00:00+00:00,441.43997,439.35608,2.0838928,0.47206712
2023-07-05 00:00:00+00:00,445.9,440.65857,5.2414246,1.1754708
2023-07-06 00:00:00+00:00,438.84003,442.24487,-3.4048462,0.77587414
2023-07-07 00:00:00+00:00,438.1,443.71225,-5.6122437,1.2810416
2023-07-10 00:00:00+00:00,441.71,445.06168,-3.3516846,0.7587975
2023-07-11 00:00:00+00:00,440.21,446.40524,-6.1952515,1.40734
2023-07-12 00:00:00+00:00,444.05,447.63992,-3.5899353,0.808453
2023-07-13 00:00:00+00:00,450.37997,448.8858,1.4941711,0.3317579
2023-07-14 00:00:00+00:00,441.91,450.30856,-8.39856,1.9005136
2023-07-17 00:00:00+00:00,450.05,451.48807,-1.4380798,0.3195378
2023-07-18 00:00:00+00:00,474.8,452.7838,22.016174,4.6369367
2023-07-19 00:00:00+00:00,477.59003,454.96344,22.626587,4.737659
2023-07-20 00:00:00+00:00,437.42,457.6806,-20.26059,4.631839
2023-07-21 00:00:00+00:00,427.5,459.27283,-31.772827,7.4322405
2023-07-24 00:00:00+00:00,428.37,459.8525,-31.482513,7.3493743
2023-07-25 00:00:00+00:00,427.7,459.74374,-32.04373,7.492104
2023-07-26 00:00:00+00:00,422.66998,459.10803,-36.43805,8.620922
2023-07-27 00:00:00+00:00,413.17,457.93958,-44.76956,10.835627
2023-07-28 00:00:00+00:00,425.78,456.1027,-30.322693,7.1216807
2023-07-31 00:00:00+00:00,438.96997,454.34003,-15.370056,3.5013914
2023-08-01 00:00:00+00:00,438.62,453.09296,-14.472961,3.2996583
2023-08-02 00:00:00+00:00,429.7,452.2009,-22.500885,5.236417
2023-08-03 00:00:00+00:00,431.0,451.27518,-20.275177,4.7042174
2023-08-04 00:00:00+00:00,431.6,450.45868,-18.858673,4.369479
2023-08-07 00:00:00+00:00,440.76004,449.75687,-8.996826,2.0412073
2023-08-08 00:00:00+00:00,438.29996,449.48563,-11.185669,2.552058
2023-08-09 00:00:00+00:00,428.9,449.40964,-20.509644,4.7819176
2023-08-10 00:00:00+00:00,429.98,449.1507,-19.170685,4.458506
2023-08-11 00:00:00+00:00,421.65997,448.84302,-27.183044,6.4466743
2023-08-14 00:00:00+00:00,427.78,448.21277,-20.43277,4.776467
2023-08-15 00:00:00+00:00,423.7,447.61813,-23.918121,5.64506
2023-08-16 00:00:00+00:00,415.45,446.89517,-31.44516,7.5689397
2023-08-17 00:00:00+00:00,403.0,445.82468,-42.824677,10.626471
2023-08-18 00:00:00+00:00,404.53003,444.1347,-39.604675,9.790293
2023-08-21 00:00:00+00:00,408.29,442.15607,-33.86606,8.294608
2023-08-22 00:00:00+00:00,413.17,440.14954,-26.979523,6.529884
2023-08-23 00:00:00+00:00,427.55,438.34818,-10.798187,2.5255966
2023-08-24 00:00:00+00:00,406.93,437.24692,-30.316925,7.450157
2023-08-25 00:00:00+00:00,416.03,435.87598,-19.845978,4.7703238
2023-08-28 00:00:00+00:00,418.06,434.79834,-16.738342,4.0038133
2023-08-29 00:00:00+00:00,429.99,433.98004,-3.9900513,0.9279405
2023-08-30 00:00:00+00:00,434.67,433.78958,0.8804321,0.20255183
2023-08-31 00:00:00+00:00,433.68,434.18854,-0.5085449,0.117262706
2023-09-01 00:00:00+00:00,439.87997,434.97766,4.902313,1.1144662
2023-09-05 00:00:00+00:00,448.68,436.23117,12.448822,2.7745438
2023-09-06 00:00:00+00:00,445.76,438.05698,7.7030334,1.7280674
2023-09-07 00:00:00+00:00,443.14,440.08936,3.0506592,0.6884188
2023-09-08 00:00:00+00:00,442.8,442.12674,0.6732483,0.15204343
2023-09-11 00:00:00+00:00,445.36,444.10037,1.259613,0.2828303
2023-09-12 00:00:00+00:00,434.69,446.0369,-11.346893,2.6103415
2023-09-13 00:00:00+00:00,412.24,447.48517,-35.24518,8.549675
2023-09-14 00:00:00+00:00,400.49,447.79056,-47.300568,11.810674
2023-09-15 00:00:00+00:00,396.93997,446.94858,-50.008606,12.598531
2023-09-18 00:00:00+00:00,394.4,445.21484,-50.81485,12.884089
2023-09-19 00:00:00+00:00,396.2,442.80856,-46.60855,11.763895
2023-09-20 00:00:00+00:00,386.3,440.05765,-53.75766,13.916039
2023-09-21 00:00:00+00:00,384.14996,436.78244,-52.632477,13.701023
2023-09-22 00:00:00+00:00,379.81,433.20496,-53.39496,14.058333
2023-09-25 00:00:00+00:00,384.79996,429.36404,-44.564087,11.581105
2023-09-26 00:00:00+00:00,379.25,425.6634,-46.41339,12.238205
2023-09-27 00:00:00+00:00,377.59,421.94836,-44.358368,11.747761
2023-09-28 00:00:00+00:00,376.36,418.31805,-41.95807,11.148387
2023-09-29 00:00:00+00:00,377.6,414.8322,-37.23221,9.860225
2023-10-02 00:00:00+00:00,380.33,411.61972,-31.289734,8.226996
2023-10-03 00:00:00+00:00,376.75,408.79672,-32.046722,8.506098
2023-10-04 00:00:00+00:00,376.9,406.20474,-29.304749,7.7752056
2023-10-05 00:00:00+00:00,372.59,403.8862,-31.296204,8.399636
2023-10-06 00:00:00+00:00,381.51,401.6731,-20.163086,5.2850738
2023-10-09 00:00:00+00:00,385.95,399.98077,-14.030762,3.6353831
2023-10-10 00:00:00+00:00,373.32,398.82352,-25.50351,6.831541
2023-10-11 00:00:00+00:00,365.93,397.61304,-31.683044,8.658226
2023-10-12 00:00:00+00:00,361.2,396.17407,-34.97406,9.68274
2023-10-13 00:00:00+00:00,355.68,394.46857,-38.788574,10.90547
2023-10-16 00:00:00+00:00,360.82,392.43582,-31.615814,8.762212
2023-10-17 00:00:00+00:00,355.72,390.4322,-34.71219,9.75829
2023-10-18 00:00:00+00:00,346.19,388.29547,-42.10547,12.162532
2023-10-19 00:00:00+00:00,401.77,385.80298,15.9670105,3.9741669
2023-10-20 00:00:00+00:00,400.96,385.23486,15.725128,3.9218698
2023-10-23 00:00:00+00:00,406.84003,385.82507,21.014954,5.1654096
2023-10-24 00:00:00+00:00,413.72998,387.47443,26.255554,6.3460603
2023-10-25 00:00:00+00:00,411.25,390.0775,21.172485,5.148325
2023-10-26 00:00:00+00:00,403.54004,393.17224,10.367798,2.5692117
2023-10-27 00:00:00+00:00,397.87,396.23737,1.6326294,0.41034245
2023-10-30 00:00:00+00:00,410.08,398.99173,11.088257,2.7039254
2023-10-31 00:00:00+00:00,411.69,401.89398,9.7960205,2.3794653
2023-11-01 00:00:00+00:00,420.19,404.80267,15.387329,3.661993
2023-11-02 00:00:00+00:00,424.71,407.928,16.781982,3.951398
2023-11-03 00:00:00+00:00,432.36,411.225,21.13498,4.8882833
2023-11-06 00:00:00+00:00,434.74,414.79544,19.94455,4.587696
2023-11-07 00:00:00+00:00,434.61,418.48947,16.120514,3.7091906
2023-11-08 00:00:00+00:00,436.65,422.14017,14.509827,3.322988
2023-11-09 00:00:00+00:00,435.15002,425.70932,9.440704,2.1695285
2023-11-10 00:00:00+00:00,447.23996,429.03638,18.203583,4.0702047
2023-11-13 00:00:00+00:00,444.62,432.52026,12.099731,2.7213645
2023-11-14 00:00:00+00:00,448.65,435.84882,12.801178,2.853266
2023-11-15 00:00:00+00:00,461.94,439.1194,22.820618,4.9401693
2023-11-16 00:00:00+00:00,466.95,442.69373,24.256287,5.1946216
2023-11-17 00:00:00+00:00,465.91,446.4866,19.4234,4.1689167
2023-11-20 00:00:00+00:00,474.47003,450.24588,24.224152,5.105518
2023-11-21 00:00:00+00:00,474.95,454.16852,20.781494,4.3755116
2023-11-22 00:00:00+00:00,478.0,458.06168,19.938324,4.1711974
2023-11-24 00:00:00+00:00,479.56,461.90973,17.650269,3.6805131
2023-11-27 00:00:00+00:00,479.17004,465.6359,13.534149,2.8244982
2023-11-28 00:00:00+00:00,478.99997,469.13168,9.868286,2.0601852
2023-11-29 00:00:00+00:00,477.19,472.33777,4.852234,1.0168347
2023-11-30 00:00:00+00:00,473.97,475.17532,-1.2053223,0.2543035
2023-12-01 00:00:00+00:00,465.74002,477.5576,-11.817566,2.537374
2023-12-04 00:00:00+00:00,453.9,479.22638,-25.326385,5.579728
2023-12-05 00:00:00+00:00,455.15,479.9952,-24.845215,5.4586873
2023-12-06 00:00:00+00:00,446.73,480.19403,-33.46402,7.4908824
2023-12-07 00:00:00+00:00,452.0,479.67273,-27.67273,6.122285
2023-12-08 00:00:00+00:00,453.76,478.88702,-25.127014,5.537512
2023-12-11 00:00:00+00:00,459.88998,477.9723,-18.082306,3.9318762
2023-12-12 00:00:00+00:00,463.0,477.2034,-14.2034,3.067689
2023-12-13 00:00:00+00:00,479.98004,476.63303,3.3470154,0.69732386
2023-12-14 00:00:00+00:00,469.83,476.8143,-6.984314,1.486562
2023-12-15 00:00:00+00:00,472.05997,477.08682,-5.0268555,1.0648764
2023-12-18 00:00:00+00:00,486.12003,477.56015,8.5598755,1.7608564
2023-12-19 00:00:00+00:00,495.02,478.6359,16.384094,3.3097844
2023-12-20 00:00:00+00:00,489.26996,480.34937,8.920593,1.8232458
2023-12-21 00:00:00+00:00,491.60995,482.22382,9.386139,1.9092655
2023-12-22 00:00:00+00:00,486.76,484.2638,2.4962158,0.51282275
2023-12-26 00:00:00+00:00,491.18997,486.17404,5.01593,1.0211793
2023-12-27 00:00:00+00:00,491.79,488.0963,3.693695,0.75107163
2023-12-28 00:00:00+00:00,490.50998,489.96725,0.5427246,0.11064497
2023-12-29 00:00:00+00:00,486.88,491.68753,-4.8075256,0.9874149
2024-01-02 00:00:00+00:00,468.5,493.11688,-24.616882,5.254404
2024-01-03 00:00:00+00:00,470.26004,493.68466,-23.424622,4.981206
2024-01-04 00:00:00+00:00,474.67,493.77963,-19.10962,4.0258746
2024-01-05 00:00:00+00:00,474.05997,493.65875,-19.598785,4.134242
2024-01-08 00:00:00+00:00,485.02997,493.34836,-8.31839,1.715026
2024-01-09 00:00:00+00:00,482.09003,493.2923,-11.2022705,2.3236885
2024-01-10 00:00:00+00:00,478.33,493.26126,-14.931274,3.1215425
2024-01-11 00:00:00+00:00,492.23,493.14392,-0.9139099,0.18566725
2024-01-12 00:00:00+00:00,492.16,493.46722,-1.3072205,0.26560885
2024-01-16 00:00:00+00:00,481.24,494.01923,-12.779236,2.6554809
2024-01-17 00:00:00+00:00,480.33,494.35184,-14.021851,2.9192119
2024-01-18 00:00:00+00:00,485.31003,494.55026,-9.240234,1.9039859
2024-01-19 00:00:00+00:00,482.95,494.82162,-11.871613,2.4581454
2024-01-22 00:00:00+00:00,485.71,495.01938,-9.309387,1.9166555
2024-01-23 00:00:00+00:00,492.19,495.27527,-3.085266,0.6268445
2024-01-24 00:00:00+00:00,544.87,495.75998,49.110016,9.013162
2024-01-25 00:00:00+00:00,562.0,498.15762,63.842377,11.359854
2024-01-26 00:00:00+00:00,570.42,502.12357,68.29642,11.973005
2024-01-29 00:00:00+00:00,575.79,507.2706,68.51938,11.900064
2024-01-30 00:00:00+00:00,562.85,513.1921,49.657898,8.822581
2024-01-31 00:00:00+00:00,564.11,519.00995,45.100037,7.994901
2024-02-01 00:00:00+00:00,567.51,524.65393,42.85608,7.5515985
2024-02-02 00:00:00+00:00,564.64,530.0643,34.575745,6.1235023
2024-02-05 00:00:00+00:00,562.06,535.00964,27.050354,4.8127165
2024-02-06 00:00:00+00:00,555.88,539.4,16.47998,2.9646652
2024-02-07 00:00:00+00:00,559.3,543.0569,16.243103,2.9041843
2024-02-08 00:00:00+00:00,558.53,546.224,12.30603,2.2032888
2024-02-09 00:00:00+00:00,561.32,548.88544,12.43457,2.2152374
2024-02-12 00:00:00+00:00,557.85,551.20056,6.649414,1.1919718
2024-02-13 00:00:00+00:00,554.52,553.0694,1.4506226,0.26159966
2024-02-14 00:00:00+00:00,579.33,554.4822,24.84784,4.2890644
2024-02-15 00:00:00+00:00,593.46,556.3468,37.11322,6.253702
2024-02-16 00:00:00+00:00,583.95,558.7488,25.201233,4.315649
2024-02-20 00:00:00+00:00,575.13,561.0726,14.057434,2.4442184
2024-02-21 00:00:00+00:00,573.35,563.05676,10.293213,1.7952757
2024-02-22 00:00:00+00:00,588.47,564.7245,23.745483,4.0351224
2024-02-23 00:00:00+00:00,583.56,566.60626,16.953735,2.9052258
2024-02-26 00:00:00+00:00,587.65,568.32983,19.32019,3.2877035
2024-02-27 00:00:00+00:00,601.67,570.0383,31.631653,5.2573094
2024-02-28 00:00:00+00:00,596.48,572.0948,24.385193,4.088183
2024-02-29 00:00:00+00:00,602.92,574.08746,28.83252,4.782147
2024-03-01 00:00:00+00:00,619.34,576.1999,43.140137,6.965501
2024-03-04 00:00:00+00:00,615.83,578.7787,37.05133,6.0164866
2024-03-05 00:00:00+00:00,598.5,581.3915,17.10852,2.8585665
2024-03-06 00:00:00+00:00,597.69,583.4384,14.251587,2.3844445
2024-03-07 00:00:00+00:00,608.51,585.1025,23.407532,3.8466964
2024-03-08 00:00:00+00:00,604.82,586.73065,18.089355,2.990866
2024-03-11 00:00:00+00:00,600.93,588.1224,12.807617,2.1312993
2024-03-12 00:00:00+00:00,611.08,589.22034,21.85968,3.5772204
2024-03-13 00:00:00+00:00,609.45,590.4064,19.04364,3.1247253
2024-03-14 00:00:00+00:00,613.01,591.51154,21.498474,3.5070348
2024-03-15 00:00:00+00:00,605.88,592.6368,13.243225,2.1857836
2024-03-18 00:00:00+00:00,618.39,593.49854,24.89148,4.025207
2024-03-19 00:00:00+00:00,620.74,594.5764,26.163574,4.214901
2024-03-20 00:00:00+00:00,627.69,595.7536,31.936401,5.087926
2024-03-21 00:00:00+00:00,622.71,597.16284,25.54718,4.1025805
2024-03-22 00:00:00+00:00,628.01,598.4865,29.523499,4.7011194
2024-03-25 00:00:00+00:00,627.46,599.9027,27.557312,4.3918834
2024-03-26 00:00:00+00:00,629.24,601.27893,27.96106,4.443624
2024-03-27 00:00:00+00:00,613.53,602.64496,10.885071,1.7741708
2024-03-28 00:00:00+00:00,607.33,603.4829,3.847107,0.6334459
2024-04-01 00:00:00+00:00,614.31,603.82587,10.484131,1.7066516
2024-04-02 00:00:00+00:00,614.21,604.05707,10.152954,1.6530102
2024-04-03 00:00:00+00:00,630.08,604.1678,25.912231,4.11253
2024-04-04 00:00:00+00:00,617.14,604.66364,12.476379,2.0216448
2024-04-05 00:00:00+00:00,636.18,604.91956,31.260437,4.913772
2024-04-08 00:00:00+00:00,628.41,605.6421,22.767883,3.623094
2024-04-09 00:00:00+00:00,618.2,606.3167,11.883301,1.9222422
2024-04-10 00:00:00+00:00,618.58,606.6936,11.886414,1.9215643
2024-04-11 00:00:00+00:00,628.78,606.9165,21.863525,3.4771342
2024-04-12 00:00:00+00:00,622.83,607.3305,15.499512,2.488562
2024-04-15 00:00:00+00:00,607.15,607.6134,-0.4633789,0.07632033
2024-04-16 00:00:00+00:00,617.52,607.37305,10.146973,1.6431812
2024-04-17 00:00:00+00:00,613.69,607.1951,6.494873,1.0583313
2024-04-18 00:00:00+00:00,610.56,606.8871,3.6729126,0.6015646
2024-04-19 00:00:00+00:00,555.04,606.4267,-51.38672,9.258202
2024-04-22 00:00:00+00:00,554.6,604.2392,-49.63922,8.950455
2024-04-23 00:00:00+00:00,577.75,601.2694,-23.51941,4.070863
2024-04-24 00:00:00+00:00,555.12,598.5014,-43.38141,7.8147807
2024-04-25 00:00:00+00:00,564.8,595.1122,-30.312195,5.36689
2024-04-26 00:00:00+00:00,561.23,591.85205,-30.62207,5.4562426
2024-04-29 00:00:00+00:00,559.49,588.5903,-29.10028,5.2012157
2024-04-30 00:00:00+00:00,550.64,585.4137,-34.77368,6.315139
2024-05-01 00:00:00+00:00,551.71,582.1155,-30.405457,5.51113
2024-05-02 00:00:00+00:00,565.15,578.9308,-13.780762,2.4384255
2024-05-03 00:00:00+00:00,579.34,576.328,3.012024,0.5199061
2024-05-06 00:00:00+00:00,596.97,574.5865,22.383484,3.7495158
2024-05-07 00:00:00+00:00,606.0,573.96716,32.032837,5.285947
2024-05-08 00:00:00+00:00,609.47,574.33887,35.131104,5.764206
2024-05-09 00:00:00+00:00,612.09,575.4515,36.63855,5.9858108
2024-05-10 00:00:00+00:00,610.87,577.12286,33.74713,5.5244374
2024-05-13 00:00:00+00:00,616.59,579.0673,37.522705,6.0855193
2024-05-14 00:00:00+00:00,613.66,581.30664,32.353333,5.272192
2024-05-15 00:00:00+00:00,613.52,583.5515,29.968506,4.8846827
2024-05-16 00:00:00+00:00,610.52,585.7247,24.79535,4.061349
2024-05-17 00:00:00+00:00,621.1,587.7033,33.396667,5.3770194
2024-05-20 00:00:00+00:00,640.82,589.78845,51.031555,7.963477
2024-05-21 00:00:00+00:00,650.61,592.41534,58.19464,8.944628
2024-05-22 00:00:00+00:00,640.47,595.4958,44.974182,7.02206
2024-05-23 00:00:00+00:00,635.67,598.4188,37.25116,5.8601413
2024-05-24 00:00:00+00:00,646.75,601.0507,45.69928,7.0659885
2024-05-28 00:00:00+00:00,649.0,603.7526,45.247375,6.971861
2024-05-29 00:00:00+00:00,654.62,606.4069,48.213074,7.365047
2024-05-30 00:00:00+00:00,647.66,609.0723,38.587646,5.95801
2024-05-31 00:00:00+00:00,641.62,611.42413,30.195862,4.706191
2024-06-03 00:00:00+00:00,633.79,613.353,20.43695,3.2245622
2024-06-04 00:00:00+00:00,631.62,614.7722,16.847778,2.6673915
2024-06-05 00:00:00+00:00,650.27,615.7424,34.52765,5.30974
2024-06-06 00:00:00+00:00,648.52,616.89966,31.620361,4.8757725
2024-06-07 00:00:00+00:00,641.47,618.00256,23.467407,3.6583796
2024-06-10 00:00:00+00:00,644.5,618.83,25.669983,3.98293
2024-06-11 00:00:00+00:00,648.55,619.5808,28.969177,4.466761
2024-06-12 00:00:00+00:00,650.06,620.3443,29.715698,4.571224
2024-06-13 00:00:00+00:00,653.26,621.1153,32.144714,4.9206614
2024-06-14 00:00:00+00:00,669.38,621.9429,47.437134,7.086727
2024-06-17 00:00:00+00:00,675.83,623.20966,52.62036,7.7860346
2024-06-18 00:00:00+00:00,685.67,624.80963,60.86035,8.876041
2024-06-20 00:00:00+00:00,679.03,626.82153,52.208496,7.688687
2024-06-21 00:00:00+00:00,686.12,628.80054,57.319458,8.354144
2024-06-24 00:00:00+00:00,669.02,630.93945,38.080566,5.6919923
2024-06-25 00:00:00+00:00,672.41,632.5842,39.825745,5.922837
2024-06-26 00:00:00+00:00,677.69,634.0518,43.638184,6.4392543
2024-06-27 00:00:00+00:00,684.34,635.4535,48.886536,7.1436033
2024-06-28 00:00:00+00:00,674.88,636.91785,37.96216,5.6250234
2024-07-01 00:00:00+00:00,673.61,638.0685,35.541504,5.2762733
2024-07-02 00:00:00+00:00,679.58,639.0,40.580017,5.9713373
2024-07-03 00:00:00+00:00,682.51,639.9057,42.60431,6.242298
2024-07-05 00:00:00+00:00,690.65,640.79364,49.856384,7.2187624
2024-07-08 00:00:00+00:00,685.74,641.8514,43.88861,6.4001827
2024-07-09 00:00:00+00:00,685.74,642.8135,42.926514,6.2598815
2024-07-10 00:00:00+00:00,677.65,643.7134,33.936646,5.00799
2024-07-11 00:00:00+00:00,652.75,644.30444,8.445557,1.2938426
2024-07-12 00:00:00+00:00,647.6,644.04535,3.5546265,0.5488923
2024-07-15 00:00:00+00:00,656.45,643.23346,13.216553,2.0133371
2024-07-16 00:00:00+00:00,656.32,642.33844,13.981567,2.1302974
2024-07-17 00:00:00+00:00,647.46,641.3473,6.112732,0.94410956
2024-07-18 00:00:00+00:00,643.04,640.08527,2.954712,0.4594912
2024-07-19 00:00:00+00:00,633.34,638.61084,-5.270813,0.83222485
2024-07-22 00:00:00+00:00,647.5,636.7754,10.724609,1.6563103
2024-07-23 00:00:00+00:00,642.76,635.2231,7.5369263,1.1725879
2024-07-24 00:00:00+00:00,635.99,633.6843,2.305664,0.36253148
2024-07-25 00:00:00+00:00,634.09,632.0503,2.039734,0.3216789
2024-07-26 00:00:00+00:00,631.37,630.391,0.9790039,0.15506025
2024-07-29 00:00:00+00:00,626.96,628.7014,-1.741394,0.277752
2024-07-30 00:00:00+00:00,622.58,626.9362,-4.356201,0.69970137
2024-07-31 00:00:00+00:00,628.35,625.0677,3.2822876,0.52236617
2024-08-01 00:00:00+00:00,624.85,623.38574,1.4642334,0.23433359
2024-08-02 00:00:00+00:00,613.64,621.7414,-8.101379,1.3202169
2024-08-05 00:00:00+00:00,598.55,619.89325,-21.343262,3.5658278
2024-08-06 00:00:00+00:00,609.57,617.58734,-8.017334,1.3152442
2024-08-07 00:00:00+00:00,611.48,615.46857,-3.9885864,0.652284
2024-08-08 00:00:00+00:00,630.35,613.5034,16.846558,2.6725721
2024-08-09 00:00:00+00:00,633.94,612.25256,21.687439,3.4210556
2024-08-12 00:00:00+00:00,633.14,611.51746,21.622559,3.4151304
2024-08-13 00:00:00+00:00,648.02,611.14355,36.876465,5.6906366
2024-08-14 00:00:00+00:00,661.68,611.46783,50.21216,7.5885863
2024-08-15 00:00:00+00:00,663.22,612.55597,50.664,7.6390944
2024-08-16 00:00:00+00:00,674.07,614.0995,59.97052,8.896779
2024-08-19 00:00:00+00:00,688.53,616.20685,72.32318,10.503999
2024-08-20 00:00:00+00:00,698.54,618.9765,79.56348,11.389968
2024-08-21 00:00:00+00:00,697.12,622.2886,74.83142,10.734367
2024-08-22 00:00:00+00:00,688.96,625.75653,63.20349,9.173753
2024-08-23 00:00:00+00:00,686.73,629.00385,57.726135,8.405944
2024-08-26 00:00:00+00:00,688.44,631.9607,56.47931,8.203955
2024-08-27 00:00:00+00:00,695.72,634.65985,61.06012,8.776537
2024-08-28 00:00:00+00:00,683.84,637.28015,46.559875,6.808592
2024-08-29 00:00:00+00:00,692.48,639.38513,53.09485,7.667348
2024-08-30 00:00:00+00:00,701.35,641.3826,59.967346,8.550274
2024-09-03 00:00:00+00:00,675.32,643.41394,31.906067,4.724585
2024-09-04 00:00:00+00:00,679.68,644.6187,35.06128,5.1584983
2024-09-05 00:00:00+00:00,683.62,645.5328,38.08722,5.571402
2024-09-06 00:00:00+00:00,665.77,646.2779,19.492126,2.9277568
2024-09-09 00:00:00+00:00,675.42,646.3715,29.048462,4.3008
2024-09-10 00:00:00+00:00,673.62,646.40515,27.214844,4.0400887
2024-09-11 00:00:00+00:00,681.47,646.2696,35.20038,5.16536
2024-09-12 00:00:00+00:00,686.8,646.2574,40.542603,5.903116
2024-09-13 00:00:00+00:00,697.06,646.41205,50.64795,7.2659383
2024-09-16 00:00:00+00:00,696.5,646.9295,49.570496,7.117085
2024-09-17 00:00:00+00:00,706.91,647.6004,59.30957,8.389976
2024-09-18 00:00:00+00:00,690.47,648.6489,41.821045,6.0568953
2024-09-19 00:00:00+00:00,704.32,649.38586,54.934143,7.7996
2024-09-20 00:00:00+00:00,701.03,650.3845,50.645508,7.224442
2024-09-23 00:00:00+00:00,705.37,651.31854,54.051453,7.6628513
2024-09-24 00:00:00+00:00,722.26,652.3347,69.92529,9.6814575
2024-09-25 00:00:00+00:00,721.56,653.79047,67.76953,9.392086
2024-09-26 00:00:00+00:00,711.43,655.34845,56.081543,7.8829317
2024-09-27 00:00:00+00:00,707.35,656.667,50.682983,7.165192
2024-09-30 00:00:00+00:00,709.27,657.745,51.525024,7.264515
2024-10-01 00:00:00+00:00,706.13,658.68695,47.443054,6.718742
2024-10-02 00:00:00+00:00,711.09,659.4018,51.688232,7.2688727
2024-10-03 00:00:00+00:00,706.8,660.09283,46.707153,6.608256
2024-10-04 00:00:00+00:00,719.7,660.6006,59.099426,8.211676
2024-10-07 00:00:00+00:00,701.92,661.3434,40.5766,5.7808013
2024-10-08 00:00:00+00:00,721.76,661.65564,60.10437,8.327473
2024-10-09 00:00:00+00:00,727.43,662.3165,65.113464,8.951165
2024-10-10 00:00:00+00:00,730.29,663.18243,67.107544,9.189164
2024-10-11 00:00:00+00:00,722.79,664.2194,58.570557,8.103399
2024-10-14 00:00:00+00:00,713.0,665.11005,47.889954,6.7166834
2024-10-15 00:00:00+00:00,705.98,665.66943,40.310547,5.7098713
2024-10-16 00:00:00+00:00,702.0,665.88934,36.110657,5.143968
2024-10-17 00:00:00+00:00,687.65,665.7915,21.85852,3.1787276
2024-10-18 00:00:00+00:00,763.89,665.1289,98.76111,12.928708
2024-10-21 00:00:00+00:00,772.07,666.20404,105.86597,13.711966
2024-10-22 00:00:00+00:00,764.24,668.05945,96.18054,12.585123
2024-10-23 00:00:00+00:00,749.29,670.17395,79.11603,10.5588
2024-10-24 00:00:00+00:00,754.55,672.0521,82.49786,10.933386
2024-10-25 00:00:00+00:00,754.68,673.93713,80.74286,10.698954
2024-10-28 00:00:00+00:00,749.12,675.71155,73.40845,9.799292
2024-10-29 00:00:00+00:00,759.44,677.2178,82.22223,10.826692
2024-10-30 00:00:00+00:00,753.74,678.78015,74.95984,9.945053
2024-10-31 00:00:00+00:00,756.03,680.1202,75.90985,10.040586
2024-11-01 00:00:00+00:00,756.1,681.3487,74.75128,9.886428
2024-11-04 00:00:00+00:00,755.51,682.44806,73.06195,9.670547
